vh_make_model,applied_car_ratio
aaykjdjgdzrrdvxz,1.5
abcepdrvvynjsufa,1.5
ablxjgbyowxrfxed,1.5
adzzjitkyqlberpu,1.5
arcsdpohuzvikyaw,1.5
bfmdeosllvjkezwq,1.5
cbmmnlpqoyyursux,1.5
celpzeaubkxaxxbx,1.5
cgighhnwnkxluccz,1.5
cgkclpnidlmetsrb,1.5
ciuxczxwhwbxdkdf,1.5
cnlvybtdupkcwczn,1.5
cqewccykrcmvawlo,1.5
cwshqcgmaazzefkx,1.5
cxxzogxxkmkjwqui,1.5
dcjzdpoxqvgnjpmi,1.5
disoykeofihapsal,1.5
dlbnpwopifytzerl,1.5
dlrvgwmumnwcjixm,1.5
dpklliwcxycpfriu,1.5
dqgtaigmpivatpeu,1.5
ehtbxdjhvcwdapsg,1.5
enmicxqiumbpozpk,1.5
eokuiduvnrtzavmr,1.5
esilvarzflhfmjhh,1.5
exkqtrkthhgvjqdl,1.5
exutskjkecvotaxd,1.5
eyaqhofitsegmcwi,1.5
fpfzaadmykntrupr,1.5
fuddhlszptfmosir,1.5
fuwhdjmdexrstmmo,1.5
ggaokfjtqxyctvok,1.5
gjbalugsikirqoam,1.5
gjpgirzuabhfpkjd,1.5
gmzbnaysqjpkzqbt,1.5
gpclrtlzecazeeev,1.5
gqfadgvnztixxbmv,1.5
gtbzqhsuzzdfhzfv,1.5
gxgjyxrnnugizdvf,1.5
gzebcnjcmqioqcjb,1.5
hayciibjzwapccnb,1.5
hcoxxbfccserxklx,1.5
heicadwqfavetjwx,1.5
hhrmdevbfqiebnum,1.5
htppstzpipwjtuia,1.5
hwldevoubgzgbhgs,1.5
hywzsmogbhnfcaxk,1.5
iigklaveqvybkbid,1.5
infvsqmvfzjpyfae,1.5
ioqpncqqlflrjzkj,1.5
ismjlsoibleinjdp,1.5
ixfiagqhmszowdmf,1.5
ixwsqebjjdlxcqsq,1.5
jeckddxjsdolnuhe,1.5
jepialiqqsttgcid,1.5
jkhjcfudwqurdoex,1.5
jlibzlturkpyjavf,1.5
joosvbazdbslkqgx,1.5
kcfhiwouwwfjqtta,1.5
kjdumkaiaeblbxtt,1.5
ldejndeewhhlcvgc,1.5
lpwtmtiwkgbwhufg,1.5
luwiodhzrjjobjlw,1.5
lwwzmxipnntydwir,1.5
lxvjgyjdszxtcryf,1.5
mdxtphkujabwpjeu,1.5
meratbpknllwoefn,1.5
mjwrreshlbmzkwmc,1.5
moayoogjmiizcbez,1.5
mpwepwxyokmciojj,1.5
mzlcdmigakbbuzli,1.5
nmkzmncfytfwyfvt,1.5
noxmlxlzirrxdriv,1.5
nrmzpcqkbzgmsdeo,1.5
nruhduwvuytxnfvh,1.5
nxwedpnhirijkodc,1.5
obvxygchobqafuzw,1.5
ogrmvnhwyeydwcxi,1.5
ohxrgpugowiyinhv,1.5
oihtzffwsrwsjnfu,1.5
otrziwxmbpndmyaa,1.5
ozmdlzfsareqmkon,1.5
ozpyjjijxdpztngv,1.5
pbrroilhklrifbwq,1.5
prtnwsypyfnshpqx,1.5
pustczakchcimwuy,1.5
qewzxgvvhqhkfcxe,1.5
qfvolfbvalczrcko,1.5
qgnqfinpenszbzig,1.5
qnesuhpxsptzihzg,1.5
qpcebxmotqhildhx,1.5
qrgsdbjbjwwgirvo,1.5
rguedwefqmzdxowu,1.5
rlkrrmxxdgaxangi,1.5
rnrkbyojyiepdvqv,1.5
rrqbtdjvuwwxtusj,1.5
ruposftqgswlcyou,1.5
saempmkfulqhwfqk,1.5
sdottmimvqvfhzlk,1.5
shemwbbeliuvnvvm,1.5
skwelgffvlzgmbro,1.5
snpaaoiipfuxmvol,1.5
squxtuwvjnzbhzsc,1.5
srgqbkjrwdbikmzq,1.5
suajnmrxuunoyngf,1.5
svcvmlpsqtzbrmnz,1.5
szlkmablxrjoubla,1.5
tsvmlrkmftqbjvub,1.5
tupmlwnkgjcgcmuv,1.5
udlfdefgndowttah,1.5
ugwrafmvdavbsrzl,1.5
ukqbsscpgbfatdhs,1.5
uxfxpraspeoqtmbg,1.5
vgaanttvdscmqmjr,1.5
vjarzxzevsdnftcl,1.5
vjxfnjqgvugwjhia,1.5
vnefzhazthgsjuax,1.5
vylopbnfewdzeury,1.5
wiyyghhcxezudyxg,1.5
wrvfnbtdqgpsnzic,1.5
xdeuhuabvdhjipnp,1.5
xgvsuftfggoojbdp,1.5
xoetbcowyxwukawr,1.5
yhcelpjnbxpsmoez,1.5
ypgcfauffeqpeerz,1.5
ysonsqntnqnqagnn,1.5
yxzgvihpyqafgdmy,1.5
zakviitdfvxsgkow,1.5
zbprczwzmlxgqykc,1.5
zqswdfwtkyehitft,1.5
zzlzzujtugbfpsvv,1.5
ueujqvpwszzhovbj,1.4562006025442442
xiesnbkcyzrpzlyq,1.449086404394357
zspzyfdefowgwddf,1.448711274992977
rqklbykswxeuovdn,1.4365821070027307
htedybhazfjiueyj,1.4348469746112604
byvoguptigfevpyy,1.4288184601181868
jgkpiuuctpywtrlh,1.4253012643961764
ixbrfaoerogqomah,1.4123080617039465
uhqwwluaswbuqqjc,1.405009249882018
kfurwythfncqbrxs,1.4018144415443783
usmpkujeknoxdqrc,1.395405409144934
dlrodwgixwmoquny,1.3832271149932664
mshhupropfijhilz,1.3504746573535282
eudwptcohxaazhpt,1.3403879636469507
rwrevaiebpmviwqz,1.3385800208735363
jkarjtlhihuxqzfm,1.33160179450265
xzdsapxqliboezbc,1.3171439778065215
tlhipnhcbdhvhgyw,1.3154669887911214
zydfvjqmmwhyfuyy,1.314296036985947
gjchrdhbeixppooh,1.2981152953186788
nofmcfnaiuzlqgrk,1.2914511527899533
ojribuhtopqgkqpp,1.287941271574765
aifsqdniwqmcuqpv,1.2850571109687885
nhqkbmwihkfvhjxx,1.269729433616394
ctachoeiozcpkmst,1.2508891497045815
lqqciehjjdtelpwa,1.244894258539808
bvuzvpriwqlnbjxt,1.233478153579782
rqaprgqcktgrlxnv,1.2317913594134442
zfylmujpvzgqqfxo,1.2303286452001507
wkzwidzltxinpgen,1.2286149578939807
cjcthmigqkejxuzi,1.2228525211180472
qxtqrwxfvuenelml,1.222166408293099
fklewvbxuecmupxn,1.2202277281466467
wchxrbrhstsmhdsk,1.2121380642992423
vpzzxdehhwlzsgrp,1.2043822629739533
csxjshhnfbtgjcgm,1.1918659043364608
jrwdpzrmxqlzzepk,1.1880821956530785
efiskxgaocgqqjvr,1.1843720150685566
swacqepcxnosmcll,1.1842860660111405
dllcylnkzeegtsgr,1.1761573219156276
gjblfwqtnckjletn,1.1614302210424376
alrfnehgsdtsunhm,1.155882955940766
demgvtbzilochupd,1.1550508983445318
cgrdxjyaxssrszjz,1.152602304602678
iemmvtjtejhlteqa,1.1521189663790965
wehkqzwvbeonajcu,1.1506582504535203
xjaddkudsebowzen,1.144464940637074
tyktnjdtbrucursh,1.1405374640893589
kqxycgbergacgcei,1.1316038044938908
oryfrzxilushvigq,1.1283674227068055
dbtkrhmbfxpkqbau,1.1272661385198737
owxrlgxbigikfgtm,1.1210301784262036
kjhuznifzeghfdra,1.112444456757202
dnvcqpxxzahdhbvy,1.108235694032902
mizxbkgdiuoehddq,1.1081906923346603
rbxibrjokiihgfjb,1.100318871391069
rgrpzewhrznrqrna,1.0963562858820843
ofrkezlcbbluncri,1.092804790172301
odpuaztxnyumdvvc,1.0905361245111
aparvvfowrjncdhp,1.0705714978716632
zqruwnlzuefcpqjm,1.069810862758698
jrwemlawxsvnwrxv,1.0696280261948803
nzxlhibmhrtafeav,1.0623595928270577
dtpbahjtnmyuxqno,1.0620385709659805
pyykjiriqrhjduly,1.0587630880052676
wyoxchtoecahbyjm,1.057929961798196
nhoebceeiacnmvym,1.055735014385022
hselphnqlvecmmyx,1.052661388575569
dpcnodgqfivkhxvn,1.0516280139774143
johsjccpkithubii,1.0491314380344534
vudjowytbogxkrcy,1.0456406858531357
rthsjeyjgdlmkygk,1.0412306652708556
nilvygybpajtnxnr,1.0360308844754147
kzqcxkrdytalrphb,1.0354988717343379
jlxizhsfukrheysf,1.0310670027846909
usjukvawgoqplrph,1.0307967066786892
iulvirmzdntweaee,1.0252119310164
ptaxsjwbissrpvdm,1.0187068922868712
synvsxhrexuyxpre,1.0136135465495764
svmjzfcsvgxiwwjt,1.0130530764473349
snsnxmucuccvqfvz,1.0087729887026393
xsmqbeukcqahbfgl,1.0055048790672276
tkqxtjbbrzagooya,1.004382270672428
wpsyqubfrhdspxkx,1.0040177072587102
xkzehzohmfrsmolg,1.003897914609449
aawqanlavsjfqrne,1
abacekzzrkhtgpcp,1
abipwhwqnzenjxfn,1
aceqpjprqgzhffuw,1
acvypvzmenxkevbm,1
adgfkcvmsaxxghoc,1
adhoqfsfdpetomvs,1
admgymnmeilfhmji,1
aewtczgiyochvagl,1
aewtdnpoiopumymt,1
afmufyguudlwbcix,1
aggyqhwjksgqtxdd,1
agowcnternxraavr,1
aivacsqryguqpdib,1
ajdmkzcduerbdsww,1
ajktbllxjzfdtwpy,1
ajtardhciglimsdi,1
ajvhjkzguyeszaqp,1
akqknybjyxwbdpot,1
aloltvlyufzyxfvg,1
ambmbeydwsdljdcc,1
ammbrasbxojlitmt,1
anqyvxqouldudiww,1
anrwlguztftzfdng,1
anwpfxivfvhnobvz,1
aocfhyagfzdywcih,1
aoytjdcfreqvurza,1
arfkjhowhuqewzvc,1
arfzuuojdtlgxehv,1
asbtrxjnhqdpazot,1
asmpttrlkodaejic,1
atsglyxkfbaztzlj,1
avrwlknteymnpjpk,1
ayeiibefzqqbyksg,1
aysnuezuqgjioyyf,1
aywlgifrijfokyzu,1
azxtekfvyycfmnpt,1
baqjsealekltnrgg,1
bawsoqdugnynetyj,1
bdmklueoovgkajff,1
beagnicqcxahqkeq,1
bfmvfelwblrzqfyr,1
bgbhznmwwidntzab,1
bgqrpfiflzijywyu,1
bikffjqejohkyhat,1
biqzvbfzjivqmrro,1
bkwszkqrqybfgpyn,1
blcuqlgntjavsyhs,1
blmjcblhzfqwhgew,1
bnvgzfegimthyhyo,1
bowuhkfextvyabch,1
bpqxbrvavqshzebb,1
bpuzzsqfyvebjzjg,1
bqcnaxkvbmfieysy,1
brjgjnnpueqkyaxo,1
bsiyfrkwdyptmwji,1
btjxvrgfduskmpts,1
buuihjqtdgilqzjc,1
bvfbihgnteuiuaov,1
bvkytcvosbaunupg,1
bwjkokfezucsuigb,1
bwpieeluivljdtai,1
bxksiwcqwmxjcbci,1
bxrkvmsmoqvefhra,1
bxzfdlphpiwyjeys,1
bzsxlzwfqbnmljsm,1
caovvakxarqpgymh,1
cazrxylvhylncoze,1
ccxwaznvwtdltwlt,1
cedczcxvthqqkwvn,1
cedgzkylsgxnlcjg,1
ceswaufhjtmqcndn,1
cfuyjykoohewxzeg,1
cictcfpmfdmknnye,1
ckxqqcnqrqxijmmf,1
clcqzivttlcdfpnv,1
cllupxtcyclounsg,1
clmcokjtplrbzvuh,1
clsrzyechukbaeat,1
clwswcgzlaojjddv,1
cmjjolnwfprpzntz,1
cmmuslxsfluvfyof,1
cnicorpxweynumqk,1
cnvpgiyrcrbsvtxo,1
coufviypetbrtevy,1
cpixpqtyjwdgmldj,1
cpruzckbhhcyorgf,1
cqdmtwkacajclcml,1
cufklbvsirnawzmv,1
cuxaapvakeemmbaa,1
cwrigmmyfzesuezf,1
cwxtybsrimchiwdv,1
cxvltpchlhlatjkb,1
cyftaexytlgvmcbd,1
degdppvcniqrzruc,1
degvuccboupdnasm,1
dgwbxitzfzbegnoc,1
dgwtezteqyzzylho,1
dhjmmmtnpcnalzna,1
dhxftxnxtxlgqcqb,1
djxdgbpuyerxgrmx,1
djyptluftbfkxtjd,1
dkgrgmlhhtnvzmps,1
dlemjwpmokwptnai,1
dluodrxtjdtvbxug,1
dlwcludeemsmffyb,1
dmqhptvycdmkaxbw,1
dohofttmidfqjozb,1
dohuwjuguzyvqaqg,1
doohwubeqhbkevhr,1
dqmsefrpxrwielmk,1
dqqtizjjhjmqdqqb,1
dqxenajfgcimjgnw,1
drptidaltxzxopwv,1
drpwkafcvcypyrmw,1
dsqmtbudvjtnnjwq,1
dtdrfrtruyhvbztx,1
dvmnbbkcvcgwnaen,1
dvshwarqhxfcgwfd,1
dweqmfoluivgiayj,1
dwhlbcevejvegsob,1
dwsasdexwmpsmowl,1
dxoirhatawazqmey,1
dxpafctvukcmaqao,1
dychjlsxfaurgode,1
dyzvyrmcdyybbddd,1
dzbwjjmruyqxyvms,1
dzjyqrdmawtdcqbx,1
ebdcmhmtqnfkaalo,1
edlxghhjgpmvhabz,1
efhjvgwyjfjqsdna,1
efyukbppkfgttvvw,1
egsfpimnisvvfkne,1
ehapkksqqcbofeid,1
eivjhovgfnfctgjy,1
ejbxcyhffvcouoxd,1
ejeggxbwhufjtjhd,1
ejlwzigdhipvpndt,1
ekwqttgkaobektch,1
ekztjicqomhuclqr,1
elvboiqxkxwhtgzg,1
eootycnsxmeekotz,1
epbwnmcyogpybxlm,1
erouvyhobhzcycuk,1
esiuazjovwvdlgjy,1
eslneidrjqwzpqhd,1
esvszhlxzbxeecme,1
etegzqakpcvyhkaj,1
ettwalwfkzvwdasa,1
evuqnfndofizyoqn,1
ewkcexkqpsyfnugi,1
exfftzvkfnajarkm,1
eyrukxfjgrcdrqeo,1
eyrwkwxecpzxzscp,1
ezaffjpqpacrufvd,1
ezjnsjxvhnocwwix,1
fadjogsnmecatcfb,1
fbvdqkwltwgykywc,1
fdbwfjqkichwdebq,1
feioipyfbkxhcsyq,1
fgxxyxcbjkodwcln,1
fhliexbdvrlrpjvx,1
fijtohsiakkeuuct,1
fjimpbebyszdttpl,1
fjzqkqcjerkjykkk,1
fkltkgzmjnzqzlqv,1
fliymzbupomtmyry,1
flnipmkwonjnaqsp,1
flpmjcetsinyjimc,1
fnfpmchfyyqmdtfm,1
fnqgfjfkzhfbiicl,1
fouvkndsdstwjqpj,1
fozvmjndontqoxpg,1
frdityocokfyohoa,1
frvooqzltrzlbhxb,1
fszxbpjtsihsmnqv,1
fupocenmkiiluzpe,1
fvflhdedljqrcqle,1
fvrvkxucfyuyfpbk,1
fvsyahnxhitfllgt,1
fwqrokhhbukfpssj,1
fydlanmzkobgcfsj,1
fzcjreusldmxavjy,1
fzgvfpmdmggikezp,1
gapclpflkdsbeorm,1
gbkevbmczkqhkmoc,1
gcmwblighdilwauf,1
gctieesvmkeoozqx,1
gdaxhrlhuilhiijt,1
gdtzpvajphaxanpi,1
gdultxlilvdnuwso,1
gdzfmtghobzpihgc,1
gfbcqaotflsogaet,1
gfhjqtkgvomiygvx,1
gforiqpfasfwlkfl,1
ggadbhlnfgoflkaf,1
ggidexivtrafqwem,1
ggqsqgrasnpkxano,1
gguphuccgeqyojbl,1
ggzcspiycgszcunf,1
gicokqmbjnafngon,1
giyhzprslgbwsaeu,1
gjxmrfgnorpfspbb,1
gkniccewzkphqzrp,1
gkxcvooedomgcagl,1
godkpvbnbdeseoct,1
goropquvqaoaajrk,1
grnnfnsjjydskrht,1
grpzbvvgujnswyyg,1
gsbeyysssgzgkkuo,1
gsooyxmnwsucrksh,1
gspurupoewenqznk,1
gtvhxebtkefavzhg,1
guiimarisyyjqnfg,1
gujwvdfcmmqcwxfi,1
gvaasolsbmnbjhah,1
gvordmjbkxszftsl,1
gvsbsfrfcvftmytm,1
gvxirlwrjrrnoadg,1
gwptulznqgygeegy,1
gxpuiivthwcmpcmc,1
gyhebbdhtmqwwxnp,1
gykwyopsdhbsalvd,1
gzpmemdiurffxomf,1
haowzcsrftoqsrvi,1
hcfpedolsygjsofb,1
hgyoclvrybybkocm,1
hhidavhckwcwznhf,1
hikofhdgvhuwkixj,1
hixbnwflcimyepla,1
hjejiuqyfrvtxagi,1
hjhlpxkdgqzdlnkc,1
hjhvhzfpslejsnej,1
hjyumbyuzbeubtbb,1
hkazsxqvbtmawovu,1
hotinomqpajebeov,1
hpohizpkyzvwunni,1
hqixaqcgdcbagrmw,1
hrlyreijarvikmlk,1
hruelqcyvmwzsqkp,1
hungxfwbkelospfy,1
huoicgalccftwyvz,1
hvjwbevmcmjpnknw,1
hvziklxqbjbvncjy,1
hwsgwbkydspkbben,1
iadmwbxpppukpjyh,1
iadwyxxyvkcpyeus,1
ibjlpnapcnsmgugu,1
iditakunbaxfjcmc,1
ieqgavmmxulqlvvl,1
iexbeucevqnjjbcz,1
ifalilovsdszxmjm,1
ifrzhyqsimoeljaa,1
ijxmcnthqquddvhc,1
iklmkdrwatltidff,1
iknapxqudqotqiig,1
iljhlfeengkciosq,1
innngarflvbnwntw,1
ipauahivutejsrev,1
ipyrvtdugjovdwzv,1
iqepotyqjqeebzix,1
isyektlfmcpmotpl,1
itmcxdqtvddvmanj,1
itvlnddnkkmyemme,1
ivhhwynrahlruefk,1
iwhqpdfuhrsxyqxe,1
iwxvflrheripbuvw,1
ixyvsrnksxeiqbve,1
iydbustazndekvfq,1
jakvzvdollijyhwm,1
jancrvhjhcbxreda,1
jbvhqxmbarxynmfk,1
jcefoutonncubdss,1
jcpjlgfslytgmbjq,1
jcxkvyjnzflnlzvh,1
jdsmqjpfexexznya,1
jedhlhdmkdprvyex,1
jghfkxkawqeujuhj,1
jhafhnhmasllifix,1
jhdjdpthkztnjvmb,1
jixkbeuswaznqplh,1
jiyhnfvmyyrpnzyx,1
jiyzqszfywhdfsil,1
jjjvjaxpzvlbryfd,1
jjycmklnkdivnypu,1
jkguypwgxebmtnkx,1
jkwlqsmedtplrvtj,1
jlhzkuikphkxcigk,1
jmlbcbnedxdoagqm,1
jmycebfjwrkqwsxi,1
jskghzhjrpywrbfn,1
jsudrcgsrfddwixw,1
jtedxzwqoodxzcaq,1
jxlbmlxexeucwbue,1
jynbrbzntxrssxzh,1
kalfshwbcuoobdwe,1
kbgblyclstrmicux,1
kbixxyjwgxmbhcsa,1
kbnrpawcssaxrpmb,1
kbqauyzezmwspqvv,1
kcjttmlajpvbntkn,1
kdsbtuikoaulynsu,1
kfvusykzaeetiqtt,1
kgezpfvpmpmdicts,1
kglgveumqmtwrqsf,1
kguahfjnmerrbtpp,1
khwbllfppvhgkgzc,1
khzmqnkqbaqvnakh,1
kilbdkfbpczjrqek,1
kjogjnoblzpoxgyr,1
kkxluqnhrmwkfqnh,1
kmlnlefquqpparsa,1
knrylcwjpefiqlma,1
kowgdytyvjhvcmta,1
kpciudedjlrqsfte,1
kpnwdujiylvsiuhp,1
kqubvdyyovhfxtpc,1
ktpoqrjuewxmkjqr,1
ktrfapbareyzyyyq,1
ktytfazsvecrjvzl,1
kumhekfclnypkavw,1
kvcddisqpkysmvvo,1
kwuuuvwdrjkyqyfv,1
kwxjejihbgmtnagf,1
kxmtwjjyzuqqgmjw,1
kzhhwebpekxgvfsl,1
kzwthrslljkmbqur,1
kzzakxocsxhkvslf,1
lcokgbxbqigkqzcw,1
lctcvcvytpesgryp,1
ldkzuxzespcgajev,1
ldnocwfyeejbmmcy,1
ldxjynecsqlswvbq,1
lfzbrhthlxhnmhva,1
lhamctzhosdtmdix,1
lhgeydlzsntbaqzj,1
lhyhsxrxdftbsavk,1
ljwfegchielwaghb,1
llkwlxfjdmrqmdgq,1
lmqoiaqyftqublmk,1
loomciwexxewgiut,1
lqalilfrsznnxarm,1
lqkdgbosdzrtitgx,1
lqohoawdpvdisdiw,1
lqsgdewyevczcvwf,1
ltdxvujhaocpnmzf,1
luxhsezouvtbkbpn,1
lvpcmycoagwxqpag,1
lwclhevnunilhrmm,1
lwhjrctubjkbhzmu,1
lwrjcljtxkokvnes,1
lwtlsafdbhymtibi,1
lxchmlyoaiocynox,1
lxhecyqzfsucxgqm,1
lxjkslpwiofoynao,1
lybpmhaivmaqtmsq,1
lzsfpyidvnkaxnvs,1
mbjevmuapzxqjnwg,1
mbnozlcufjgvpcdb,1
mbytpqiuixyvpaab,1
mcadxmmocjhzzbtt,1
mcloznejvtelpcan,1
mcuawemlwwgaiesn,1
mdiqmxwkzvnpeaop,1
mdqyvrtwekmeflye,1
mjpgppxzelxrbcnt,1
mkbpzddzmalsleud,1
mmfquhvxcmjcvmhz,1
mpmchhrcazhsvjgc,1
mpnamiwsqkvamhfa,1
mqsiquclpholncqd,1
mqzhmlqqmpafpbqw,1
mtcsefxrgtfdqous,1
mtubnuteguketfck,1
muixzziwtwouzapq,1
mvvztpapgrcwgrdt,1
mxmhlvlmychxzork,1
mxytuavlfghapjvu,1
myfrksrutuknkcnq,1
mymdahqxtsywqpdn,1
nbxjozrynlospbso,1
ndepxuvlaiqzdnan,1
nfmbusxwwqhsaquy,1
nfrqxttuhpuqvwti,1
nfxbfvlwvmxfproe,1
nggwrmvazdxdjyfh,1
ngksfbgkdeufmhfy,1
ngombkqqomblyxwv,1
ngpgrthcqiirdsux,1
nhembilpmgrfjifn,1
nhmkqmpmstaunzqh,1
nhwgapjtnadqqaul,1
njcwousmigzpursi,1
njujuhbmnqusynwf,1
nkktflvfoasvkvht,1
nkueyjctyasmotny,1
nmhahirmbvqxhxgg,1
nnzwevftfeodipkn,1
nolayrxwnjwzgtoo,1
nrwphouoeazzmbmx,1
nsgbpbjvswwlhvmm,1
nsymgnybdjqxudvj,1
ntjpzidotcatossl,1
nugjzznlbtmumwrp,1
nwaavqeweeqaryzv,1
nwfvqtdnlrvhdbuc,1
nyrtstlobluggnkw,1
nzanewsbtbnpgrom,1
nzgfjmknhxdezggp,1
obkqpwjualnnwgrt,1
obtymepcippfwigb,1
obzgnvzzatnjoryi,1
odjkyxbmtxqhkflm,1
oeexhaebfkkjfpff,1
ogdxwqtrpclsxeyw,1
ogyvyvhcaefqrlgk,1
ohgtowaarzphsifb,1
oijipbtrzkghftpt,1
okeuihmplbxhxceo,1
okzpgwvslpvgceva,1
olupoctwepebdqqo,1
onzjhhtppsfaiacz,1
opojibguvnupidif,1
optzzqvbwwriedfo,1
oqbjvmfvjonftdxi,1
oqkxqgmcsytmcsjz,1
ospbwzzmmxeovscc,1
ouhkmefnnchsggpl,1
ovhdtvldyrrurawo,1
owkgoejsxqlzahbz,1
owkiszjuntmwilff,1
owrozlxfshxrcgvh,1
payritakwxpyzwqq,1
pbwbzedhenqmpfqt,1
pdljbgzzhxrhnqmu,1
pebdztssohmloufw,1
pfkfojczxwevqesz,1
pfvqxmrnkptcrhet,1
pfwcfdvpkuyucnkn,1
pgkgdfabkhkbviht,1
pheduvdlnmrchihf,1
phprbhssfhrtbeue,1
pijaubxodtxcsqjp,1
pjbnwqhnqczouirt,1
pmxjblqhvpwflkwt,1
ponwkmeaxagundzq,1
pqpqthiapbycbhor,1
pselomoxubpkknqo,1
ptbudvgjgycmmsdq,1
pticuqiimwdrkpdy,1
pvrjjyumueakzstw,1
pvyfdiggxtjoyhqf,1
pyhcuhumhsoodqwl,1
pyholyswkkqjmxlj,1
qachmbxcslsazphb,1
qahlidfcpdaofkwm,1
qbkipjmisqllqwzy,1
qbohnomeacnwdafj,1
qbztetcodwhfmoyg,1
qcykqtxlqnbcqfct,1
qdhfzxrzisivuhbx,1
qdmbicmyqrqalixj,1
qdsjznqzjxlekjtp,1
qdvjpkftaveygusd,1
qghhvatpvekejzpf,1
qicnjymlpsjmgluy,1
qidpxyunryowizua,1
qjkwsppqbsgsvjwa,1
qmahqrjhkxvkwboe,1
qnixeczkijjyiprb,1
qoflnrycwjlbfmow,1
qozlaoxmwusgalpz,1
qpjdblaqrqyuoaqk,1
qppmxxfbqiiallmp,1
qqmkwgdqaimwcbxo,1
qukbrubjquwstnyf,1
quslbttvcitxzeiy,1
qvwenzdmnwecdiql,1
qwcrrrebwyeauczj,1
qwedbcvlquqfoycc,1
qwqwzvbefvgugtzi,1
qwshkzmlvlerxsov,1
qxksnnsrnebfkwqs,1
qxnyigoiwisibpko,1
qyqvfzuwfpyztbla,1
qzgaezfhutbcnkuf,1
qzkbvcycbyxrgbqk,1
qzrkqxhgbqfyswsj,1
rabwrzdzwjjdhbmx,1
rclsneerlfasdcpi,1
rcxmbwwsxkkkyyjs,1
reolzfmikorzxstf,1
rgfytoxurocumuxu,1
rhxboadaoyvvgflk,1
rjhfsrwtoqfqvuqu,1
rrlvhbnzrdtphqnl,1
rrsrcesavzhbjqwk,1
rsphcdnwdddxhdvb,1
rtqyfobkpliuutfx,1
rulqevsymrlwrsrz,1
ruyuflpnypnsgkbq,1
rwtwnvhjqabvovnz,1
rxyndewyvbophaku,1
ryjiidsxttvdcpwu,1
rytmtyltypttvqjs,1
rzjssfxzzoddvgdc,1
sboaeuuuhpsjujpz,1
sbrarddcurfhmmqk,1
sdvssyrvwfwmdccl,1
selnccftdsqbiurb,1
sfcciovhmwqehacv,1
sghyfposeljrkedw,1
sgknghheolfpzuid,1
sguprofjftozaujc,1
sioekxjbocpzrjzi,1
skgvahbwdkddoxha,1
smcawzwicovvejgm,1
smynsodmtrrubpqq,1
sncpkctrqcditirm,1
spbjeokdemicpdey,1
spqqpwucqcaspwkb,1
sqqvhmadjqegpsps,1
ssnqyyteovyaxylf,1
stgeqvsewqntykyo,1
sutdaojcvfqmjnwg,1
suycgjdrxxvxgmha,1
swjkmyqytzxjwgag,1
swxgkelaxkoffszz,1
sxmsrnbwrnvfjcvp,1
szduoosmrfqduakm,1
szluwlsqbkcnchxg,1
szvfwsizhxrbklhz,1
tafluhgrtixdlhpv,1
taovawittfogygzi,1
tbpblaaxsajjlyok,1
tceovgpqjjopitor,1
tcnfpudadgannoey,1
tcyceqtrfusfmkpy,1
tcyogsbbufjzekla,1
tddtoayhfpdtxokp,1
tdgkjlphosocwbgu,1
tdldeeccsirqwpcj,1
tdozuksvtvtqcykp,1
tduddcyerrjazjsh,1
tdvzvrkldmrkqeth,1
tegzsblugaczvdmy,1
tgfhgapnsxiewemd,1
tgvulwtrjyegawlr,1
timtcrwibllgvgxy,1
tjdlkefrbysjheap,1
tjvewbsfsiqtqttp,1
tkomxtfmozdiflzf,1
tksyxmdgogmokuxv,1
tlrnhgwgduswslyd,1
tlspgqlrhuzholye,1
tmikjfqekaorgssv,1
tneakanblaxyevhf,1
toqaaqswchaiyhsk,1
tpzzxliudfwqpopv,1
trcsvrxdekscyvyq,1
trwedbipujnvnhpr,1
tsfyxgkwdidzgzpg,1
tsufyplsxyqgndsw,1
ttcbkakfxnfsllyq,1
ttwsxzxrhwuzystf,1
tuudpbartgtwkoms,1
twhtulgwsricneea,1
txcfordzmkkiicwu,1
txgvnaysouvjtkrb,1
tzsnmmekuhggblhv,1
tzyaldqhudfiajin,1
uahuglbjdtacoqjt,1
uamadghmregezetz,1
uaweumzfugnsyqmx,1
ubixvbvqnnjdksca,1
ubmafwgdsmbkfmwe,1
ubttjiaeeuwzcclq,1
ucggoqoneixjlxxy,1
uclvvrkbezlvaulu,1
uczhoudymbvnhter,1
uevoqlbbbmmhkdbi,1
ufpwnqycocwwbgqi,1
ufqiiuoxasjwxqbf,1
ufxhmwifrakfhfmb,1
ughzfvxgeziewvdi,1
uhhrakuolcaxvsbh,1
uhkhghxuorryhlis,1
uhnrmazhzouxvsqd,1
ujfqhxynqnqeldes,1
ujgldnoigollndkj,1
ujwlwswdwvbpacnf,1
ukztcjpqrpetqrnx,1
ulrbzlswbgzvmpas,1
unlqqlfvajjczyks,1
unmxysjyilftwsvy,1
uotpflqyvprslxjc,1
uouhydwldpcdzuoj,1
updzeguaxbccwpoe,1
urbnjdherequimyo,1
ureljkoqqvqbpdvx,1
urullqqbaabxllxl,1
uskrsfpueljrtxkg,1
utvgeykupnwzepks,1
uudtrowerqhfztjo,1
uudulyvocjutaxtj,1
uureltetaotxxdji,1
uwqsodousnydlsud,1
uwwrbkmjbjyxutfq,1
uxpkyjrybttfrluy,1
uysllzwmzcsweunu,1
uzfgpmnazksmudrw,1
uzmldekmvczimsrj,1
uzqtsirvtxcfqnbp,1
uzrhbfduaqijosql,1
vafxeruawxlvrttn,1
vbjxuynqachujrmt,1
vbnagxwgmwirhnjt,1
vdetuihriafhetdl,1
vdwfxzfzbybhsmay,1
vfprhybczhnkefdf,1
vikmjrynreazqubj,1
vnsxpowqjjomnmac,1
vnxfpyxuciadydrl,1
vokpwtikxckeemdi,1
vomuvsgbhqzjwhgb,1
vpvsuuudxglarezp,1
vpvtqlxqaiejzrqo,1
vqdlslwzvwucentl,1
vrubhbzjguaxfmlc,1
vtgypuzvlawmkolb,1
vtmylwmvnssatjlh,1
vuqhkgrnmheydqku,1
vuvbtxegkdifkviv,1
vwerelrvyumnkbwk,1
vwjjtxhpebfhzzck,1
vxqfscklywhurrjp,1
vxumxjoeywcphfoo,1
vxvmxuncsxygbrzd,1
vzinjyeuiebqjmep,1
wcjrtzzkemciejsz,1
wcyahxrmwqvhmadq,1
wffzvseexopfwwjy,1
wgruytvmfzalzrtb,1
whcqrtwarljaqocm,1
whfzavgfbojmgezm,1
wlttiymytfacsrli,1
wmmjbitjeevklkzj,1
wniogbpezwqrinyt,1
wnrwtzbbxbvnmbqd,1
wofhkqytrnqvbije,1
wotupxkyxwcienzd,1
wqqxbrsnrtnuxjjl,1
wqsapwecaqwzorqn,1
wrpeamdcqpawnqag,1
wrzuftzqwoiwsmfc,1
wsfgxnwhxftjhpxw,1
wtxtgodhmneofvzz,1
wvnsmznngunxhcsb,1
wwmsynqlijbriqxy,1
wxcohilpavlwlnze,1
wxzfbqtarfurwcfw,1
wycspyzpbmhbnmda,1
wykcypxicfqltavz,1
wylaluxuyuqkytus,1
wyopladghryqlrlb,1
wyqgeeclrqbihfpk,1
xaaujpnniyiuhfql,1
xabkvgvnbqzrmnyc,1
xaklvfxsplowrglp,1
xbdjgmfolqdfvftr,1
xbhnetrbyfixuzmj,1
xcpcxksgiefkqznu,1
xcvdausiwfrjukgn,1
xebooruxiuwbpzdc,1
xewlloxrajhpbuwy,1
xgikerzyofvqsmnt,1
xhczitnzxmxxebeq,1
xieosvyuphbcyzul,1
xiwnirovwicymtif,1
xjnjmxyqemqqiejp,1
xjsnlswprucbsehn,1
xjsozzwcppavldee,1
xkqlmdeookbxzzhv,1
xndokrsndaodfknp,1
xnwekpoxnvwckfcp,1
xokomvoaaiyuedhu,1
xoueplwxwxrzasti,1
xpxsjmglcvcsxwdy,1
xqascjfdlnlxubce,1
xqydufxhniyjunrl,1
xrmvlihddtxlbzvw,1
xrxxucncrqtcgixl,1
xsfzlqjhqbcpswcz,1
xsonelzsqbpcodxe,1
xuioboiuzasnmuva,1
xuxdvcabcanlgmst,1
xxppvuhwmnezefxy,1
xyuwuxlpirkzkqdb,1
xzdakcdqrnwhtpdb,1
xzwnliotgalpusga,1
ybbdbpunwekygnto,1
ybmkbrazyartpatx,1
ybsenzutfrjternf,1
yfalryaixpzfoihd,1
ygctwjsvugjhuylz,1
yglorajvvrsviget,1
ygqjgwzgeierkcpj,1
ygsnfanduarpqvrn,1
yhotwssicqxqetep,1
yhzuhoixugafkonm,1
ykzumnthkadrzjdb,1
ylboorftnzombypn,1
yljpdxzmshdpmyhl,1
yobesdjweimafxnq,1
yohngmkmrueenrvs,1
yqrgxthbbzmruvwy,1
yqztzexmqeyeirmv,1
yrfmcopbrlmfinuq,1
yrnbnvvghdwvpayv,1
ysmwdnymkzsgskpv,1
ytckjafhdfppmrhv,1
ytornvfpgbsoizqr,1
yttvzqeuddvehiqu,1
yvlkrzgjhwrlyihc,1
yvuoearellwavkzs,1
yweystgylcxxranw,1
ywnimisaozuyjomi,1
yxovdmyzjzoutcek,1
yybjogamsfqljfpu,1
yzdbjmwwtofxmpaz,1
yzxgnwgpnrdprtbh,1
zagpnfpbwgeyeufr,1
zaiwfnldcznzgrfe,1
zayyxxzvekzuooyq,1
zbqqfjqpoluazvlo,1
zcqptmhakcmihiry,1
zczpxdcxdciitjcu,1
zedpyrfkmhzqxmaz,1
zeqmrfiqiusygxdd,1
zfesqldixdegnidi,1
zghfsejpgrfrqfdp,1
zhzmkwjsrgvudmmw,1
zkreetxvsoihwkgo,1
znppxsjvuytcambw,1
zojbyremtnxajomo,1
zoypfizhpbtpjwpv,1
zqjvnptshpgofkqc,1
zrclcvscjwdbabii,1
zrfduayrhhofpqtt,1
zsuewlbquazyrgvl,1
ztwsplndgicacmuu,1
zukemjnabmcizdzn,1
zuqrdemwihnexkpw,1
zvdpnzgvkjkoophv,1
zwutaiivgrxnrwat,1
zxvcbwcwoqnkxxbs,1
zycfmwxhaaaxdwpb,1
zzjxvhegwmgqodzk,1
zzubfikjmmfsxhbn,1
